"Segment ","Trading Date ","Total no. of Trades ","Traded Value (Rs. in Cr.) ","Registered Clients ","Settlement Number "
"Futures and Options","02-Jan-2026",7029806,3278993.46,425058,
"Futures and Options","01-Jan-2026",4396121,1665126.52,425058,
"Futures and Options","31-Dec-2025",5497509,2098425.29,425058,
"Futures and Options","30-Dec-2025",15811687,9541785.5,489558,
"Futures and Options","29-Dec-2025",8507093,4334534.79,489674,
"Futures and Options","26-Dec-2025",6132460,2792800.28,928158,
"Futures and Options","24-Dec-2025",4978004,1933273.19,928158,
"Futures and Options","23-Dec-2025",12350924,8086147.97,992504,
"Futures and Options","22-Dec-2025",6457168,3300997.1,992623,
"Futures and Options","19-Dec-2025",7566457,3521815.07,926427,
"Futures and Options","18-Dec-2025",5865605,2283149.36,926427,
"Futures and Options","17-Dec-2025",5391967,2066981.9,926427,
"Futures and Options","16-Dec-2025",13223727,8599483.59,926427,
"Futures and Options","15-Dec-2025",9923293,5025431.12,990709,
"Futures and Options","12-Dec-2025",8839418,4006488.93,921140,
"Futures and Options","11-Dec-2025",6619865,2598678.89,921140,
"Futures and Options","10-Dec-2025",6679275,2552474.5,925140,
"Futures and Options","09-Dec-2025",17327680,10472634.67,925140,
"Futures and Options","08-Dec-2025",10910367,5637252.39,989282,
"Futures and Options","05-Dec-2025",8965711,4122798.97,923960,
"Futures and Options","04-Dec-2025",5465167,2187034.19,923960,
"Futures and Options","03-Dec-2025",5375868,2095352.14,923960,
"Futures and Options","02-Dec-2025",14455280,9218135.07,923960,
"Futures and Options","01-Dec-2025",9936294,5121544.58,987936,
"Futures and Options","28-Nov-2025",7286022,3336124.6,1053339,
"Futures and Options","27-Nov-2025",5901998,2381312.99,1053339,
"Futures and Options","26-Nov-2025",5386263,2073756.11,1053339,
"Futures and Options","25-Nov-2025",17176006,9938274.52,1116964,
"Futures and Options","24-Nov-2025",10876594,5106927.84,1117090,
"Futures and Options","21-Nov-2025",9489638,4089694.86,921668,
"Futures and Options","20-Nov-2025",5522558,2102724.52,921668,
"Futures and Options","19-Nov-2025",6116844,2269623.81,921668,
"Futures and Options","18-Nov-2025",14467515,9099326.82,921668,
"Futures and Options","17-Nov-2025",9047430,4322348,985201,
"Futures and Options","14-Nov-2025",10696249,4492423,920641,
"Futures and Options","13-Nov-2025",5902143,2119209,920641,
"Futures and Options","12-Nov-2025",5380657,1954203,920641,
"Futures and Options","11-Nov-2025",16164038,10032813,920641,
"Futures and Options","10-Nov-2025",8731056,4405478,984041,
"Futures and Options","07-Nov-2025",9239520,4245614.26,919650,
"Futures and Options","06-Nov-2025",5620584,2204292.13,919650,
"Futures and Options","04-Nov-2025",13514783,8464494.92,919650,
"Futures and Options","03-Nov-2025",9232436,4505443.38,982893,
"Futures and Options","31-Oct-2025",8665300,3897230.05,9328738,
"Futures and Options","30-Oct-2025",5638593,2135597.33,9328738,
"Futures and Options","29-Oct-2025",5811911,2128052.64,9328738,
"Futures and Options","28-Oct-2025",14407119,7305132.14,9328738,
"Futures and Options","27-Oct-2025",10849213,5042068.83,9391761,
"Futures and Options","24-Oct-2025",10498692,4488858,9323555,
"Futures and Options","23-Oct-2025",6996273,2718182,9323555,
"Futures and Options","21-Oct-2025",1098039,433836,9323555,
"Futures and Options","20-Oct-2025",11167782,5959115,9386435,
"Futures and Options","17-Oct-2025",11614108,5387248.21,9322995,
"Futures and Options","16-Oct-2025",6170912,2492551.47,9322995,
"Futures and Options","15-Oct-2025",5920437,2377567.97,9322995,
"Futures and Options","14-Oct-2025",12888891,7178356.81,9385551,
"Futures and Options","13-Oct-2025",9231835,4657789.59,9389676,
"Futures and Options","10-Oct-2025",8065452,3801240.22,9326005,
"Futures and Options","09-Oct-2025",5887345,2396935.43,9326005,
"Futures and Options","08-Oct-2025",6671228,2768817.67,9326005,
"Futures and Options","07-Oct-2025",14361131,9108247.74,9388307,
"Futures and Options","06-Oct-2025",8940276,4821292.19,9388431,
"Futures and Options","03-Oct-2025",7839266,3718348.98,9250768,
"Futures and Options","01-Oct-2025",5735503,2389105.31,9250768,
"Futures and Options","30-Sep-2025",14570166,7945224.06,9250768,
"Futures and Options","29-Sep-2025",11273219,5404734.97,9313042,
"Futures and Options","26-Sep-2025",9601078,4185524,924332,
"Futures and Options","25-Sep-2025",5951524,2272271,924332,
"Futures and Options","24-Sep-2025",6142723,2326739,924332,
"Futures and Options","23-Sep-2025",15264494,9295813,924332,
"Futures and Options","22-Sep-2025",8753165,4426107,986382,
"Futures and Options","19-Sep-2025",7825785,3306542,923395,
"Futures and Options","18-Sep-2025",5270486,2054435,923395,
"Futures and Options","17-Sep-2025",4806292,1805614,923423,
"Futures and Options","16-Sep-2025",11224592,7486866,923423,
"Futures and Options","15-Sep-2025",6494901,3343495,989273,
"Futures and Options","12-Sep-2025",5847926,2739811,913660,
"Futures and Options","11-Sep-2025",4193936,1655411,913660,
"Futures and Options","10-Sep-2025",5473427,2127786,913660,
"Futures and Options","09-Sep-2025",12815097,8011119,913660,
"Futures and Options","08-Sep-2025",9893957,4693068,975283,
"Futures and Options","05-Sep-2025",9275987,4166279,925362,
"Futures and Options","04-Sep-2025",6335885,2572336,925362,
"Futures and Options","03-Sep-2025",5970601,2312956,986651,
"Futures and Options","02-Sep-2025",14773414,8698266,986651,
"Futures and Options","01-Sep-2025",7935884,3942288,986781,
"Futures and Options","29-Aug-2025",7699585,3380760,519418,
"Futures and Options","28-Aug-2025",17322850,9302747,519418,
"Futures and Options","26-Aug-2025",6822575,2828021,580498,
"Futures and Options","25-Aug-2025",6188476,2498526,580624,
"Futures and Options","22-Aug-2025",6212689,2368200,514468,
"Futures and Options","21-Aug-2025",12878575,7919503,514468,
"Futures and Options","20-Aug-2025",8155524,3798217,575349,
"Futures and Options","19-Aug-2025",5692582,2317414,579349,
"Futures and Options","18-Aug-2025",6364259,2457334,579451,
"Futures and Options","14-Aug-2025",12014818,7128598,513435,
"Futures and Options","13-Aug-2025",9138799,4171744,574180,
"Futures and Options","12-Aug-2025",7024414,2847786,574180,
"Futures and Options","11-Aug-2025",6340458,2395705,578296,
"Futures and Options","08-Aug-2025",6311996,2327812,516584,
"Futures and Options","07-Aug-2025",15005329,9016478,516584,
"Futures and Options","06-Aug-2025",8379241,3707965,516584,
"Futures and Options","05-Aug-2025",5201695,2048364,577169,
"Futures and Options","04-Aug-2025",5807849,2204879,577300,
"Futures and Options","01-Aug-2025",6668530,2441034,515468,
"Futures and Options","31-Jul-2025",19892749,10361245,575853,
"Futures and Options","30-Jul-2025",9503399,4120792,575853,
"Futures and Options","29-Jul-2025",6619135,2527301,575881,
"Futures and Options","28-Jul-2025",7314955,2749228,576007,
"Futures and Options","25-Jul-2025",6725489,2457288,501762,
"Futures and Options","24-Jul-2025",12936485,7921327,501762,
"Futures and Options","23-Jul-2025",7945124,3699383,561988,
"Futures and Options","22-Jul-2025",5394717,2117112,561988,
"Futures and Options","21-Jul-2025",6267205,2472038,562093,
"Futures and Options","18-Jul-2025",5405487,2041440,496586,
"Futures and Options","17-Jul-2025",10913362,6780731,496586,
"Futures and Options","16-Jul-2025",7946459,3682011,496586,
"Futures and Options","15-Jul-2025",5716647,2392233,496586,
"Futures and Options","14-Jul-2025",5785770,2222888,556716,
"Futures and Options","11-Jul-2025",5379910,2061460,499372,
"Futures and Options","10-Jul-2025",11985673,7203295,499372,
"Futures and Options","09-Jul-2025",7053167,3310974,559180,
"Futures and Options","08-Jul-2025",4282094,1746411,559180,
"Futures and Options","07-Jul-2025",4369289,1721045,559298,
"Futures and Options","04-Jul-2025",5387118,2055170,506497,
"Futures and Options","03-Jul-2025",13937361,8412363,506497,
"Futures and Options","02-Jul-2025",7874800,3854125,506997,
"Futures and Options","01-Jul-2025",4300108,1719950,506997,
"Futures and Options","30-Jun-2025",5511575,2183850,566804,
"Futures and Options","27-Jun-2025",4859027,1852384,509385,
"Futures and Options","26-Jun-2025",17274113,8547326,509385,
"Futures and Options","25-Jun-2025",8214815,3526345,509413,
"Futures and Options","24-Jun-2025",8460000,3150329,509413,
"Futures and Options","23-Jun-2025",6482939,2315795,569065,
"Futures and Options","20-Jun-2025",6353365,2208324,491700,
"Futures and Options","19-Jun-2025",10301026,6216484,491700,
"Futures and Options","18-Jun-2025",8157272,3555531,551016,
"Futures and Options","17-Jun-2025",4777736,1723184,551016,
"Futures and Options","16-Jun-2025",5916166,2099069,555134,
"Futures and Options","13-Jun-2025",5526933,1863227,494490,
"Futures and Options","12-Jun-2025",14137628,7870869,494490,
"Futures and Options","11-Jun-2025",7416350,3337377,494490,
"Futures and Options","10-Jun-2025",4362414,1611143,553626,
"Futures and Options","09-Jun-2025",4071207,1438294,553752,
"Futures and Options","06-Jun-2025",6426082,2237938,501389,
"Futures and Options","05-Jun-2025",13712042,7413315,501389,
"Futures and Options","04-Jun-2025",5710715,2586981,560382,
"Futures and Options","03-Jun-2025",5878381,2103047,560382,
"Futures and Options","02-Jun-2025",5481445,1908583,560527,
"Futures and Options","30-May-2025",4913462,1633843,8466652,
"Futures and Options","29-May-2025",15328842,7358782,8466652,
"Futures and Options","28-May-2025",8036051,3177833,8525478,
"Futures and Options","27-May-2025",7495748,2508309,8525478,
"Futures and Options","26-May-2025",6073048,2019907,8525601,
"Futures and Options","23-May-2025",6486319,2181016,8464678,
"Futures and Options","22-May-2025",14392764,7437711,8464678,
"Futures and Options","21-May-2025",10736590,4442726,8523214,
"Futures and Options","20-May-2025",6724204,2499637,8527214,
"Futures and Options","19-May-2025",5689493,1914538,8527346,
"Futures and Options","16-May-2025",5585022,1790277,497486,
"Futures and Options","15-May-2025",17050026,8096742,497486,
"Futures and Options","14-May-2025",9951159,4034918,497486,
"Futures and Options","13-May-2025",7359109,2542718,559851,
"Futures and Options","12-May-2025",7110583,2428085,559975,
"Futures and Options","09-May-2025",5978809,1798285,483806,
"Futures and Options","08-May-2025",10523472,6374930,483806,
"Futures and Options","07-May-2025",8982059,3623898,483806,
"Futures and Options","06-May-2025",5147436,1870062,541986,
"Futures and Options","05-May-2025",6227978,2130512,546100,
"Futures and Options","02-May-2025",7985888,2554579,602060,
"Futures and Options","30-Apr-2025",10353841,6192732,602060,
"Futures and Options","29-Apr-2025",6249368,2321783,660125,
"Futures and Options","28-Apr-2025",6901307,2431375,660125,
"Futures and Options","25-Apr-2025",8196913,2711209,598252,
"Futures and Options","24-Apr-2025",11990443,6456734,598252,
"Futures and Options","23-Apr-2025",11676096,4490588,598252,
"Futures and Options","22-Apr-2025",6843470,2294928,660037,
"Futures and Options","21-Apr-2025",7550257,2504979,660037,
"Futures and Options","17-Apr-2025",15892223,7889390,600545,
"Futures and Options","16-Apr-2025",8696957,3494459,600545,
"Futures and Options","15-Apr-2025",4627087,1628815,658247,
"Futures and Options","11-Apr-2025",6172870,1801778,480387,
"Futures and Options","09-Apr-2025",10274129,5340626,480387,
"Futures and Options","08-Apr-2025",7729712,2432861,480387,
"Futures and Options","07-Apr-2025",6925107,2053122,541848,
"Futures and Options","04-Apr-2025",7047492,2461488,483792,
"Futures and Options","03-Apr-2025",9882197,5874105,540849,
"Futures and Options","02-Apr-2025",8055130,3337167,540849,
"Futures and Options","01-Apr-2025",6188853,2294577,540983,
"Futures and Options","28-Mar-2025",6588492,2329205,593373,
"Futures and Options","27-Mar-2025",13902687,6959286,593373,
"Futures and Options","26-Mar-2025",11430758,4563809,597373,
"Futures and Options","25-Mar-2025",8124171,2856794,654256,
"Futures and Options","24-Mar-2025",8390983,3042833,654360,
"Futures and Options","21-Mar-2025",8164874,2847407,596334,
"Futures and Options","20-Mar-2025",13077451,6976993,596334,
"Futures and Options","19-Mar-2025",8951071,3579007,596334,
"Futures and Options","18-Mar-2025",6636215,2479576,596334,
"Futures and Options","17-Mar-2025",6305775,2282139,657089,
"Futures and Options","13-Mar-2025",12079705,6493521,497144,
"Futures and Options","12-Mar-2025",9575125,3908238,497144,
"Futures and Options","11-Mar-2025",6226904,2169512,497144,
"Futures and Options","10-Mar-2025",6615535,2274149,553803,
"Futures and Options","07-Mar-2025",6488969,2213580,494965,
"Futures and Options","06-Mar-2025",13394753,6882410,494965,
"Futures and Options","05-Mar-2025",9097726,3777213,494965,
"Futures and Options","04-Mar-2025",4970420,1715109,551389,
"Futures and Options","03-Mar-2025",6426258,2212859,551488,
"Futures and Options","28-Feb-2025",6041367,2065204,494763,
"Futures and Options","27-Feb-2025",10563655,5229899,494763,
"Futures and Options","25-Feb-2025",5439956,1936846,494763,
"Futures and Options","24-Feb-2025",6379342,2159996,551144,
"Futures and Options","21-Feb-2025",6323999,2076032,493481,
"Futures and Options","20-Feb-2025",9886731,4881599,549637,
"Futures and Options","19-Feb-2025",9239621,3658628,549637,
"Futures and Options","18-Feb-2025",5974025,2049711,549637,
"Futures and Options","17-Feb-2025",6537890,2143198,549734,
"Futures and Options","14-Feb-2025",7507659,2434874,491912,
"Futures and Options","13-Feb-2025",13371989,6350199,491912,
"Futures and Options","12-Feb-2025",11044958,4360724,491912,
"Futures and Options","11-Feb-2025",5968001,2236492,491912,
"Futures and Options","10-Feb-2025",4929640,1747533,548074,
"Futures and Options","07-Feb-2025",6212362,2160985,470209,
"Futures and Options","06-Feb-2025",9594021,5365929,470209,
"Futures and Options","05-Feb-2025",6739129,2833028,470209,
"Futures and Options","04-Feb-2025",6214772,2267077,526174,
"Futures and Options","03-Feb-2025",5182882,1860109,530293,
"Futures and Options","01-Feb-2025",6861996,2195419,453365,
"Futures and Options","31-Jan-2025",4061519,1165640,7943801,
"Futures and Options","30-Jan-2025",19049483,5769949,7943801,
"Futures and Options","29-Jan-2025",10935731,2791499,7943801,
"Futures and Options","28-Jan-2025",9265738,2249489,7999645,
"Futures and Options","27-Jan-2025",8659565,1959520,7999746,
"Futures and Options","17-Jan-2025",6332668,1927094,469400,
"Futures and Options","16-Jan-2025",8949464,4748333,469400,
"Futures and Options","15-Jan-2025",8283048,3272465,469400,
"Futures and Options","14-Jan-2025",5803438,1838165,469496,
"Futures and Options","13-Jan-2025",6757491,2175461,525064,